<?xml version="1.0" encoding="UTF-8"?><ns2:provisionOrderResponse xmlns:ns2="http://soap.training.mulesoft.com/"><return><location>international</location><price>11.11</price><orderID>eb1111</orderID></return><return><location>international</location><price>22.22</price><orderID>eb2222</orderID></return><return><location>international</location><price>33.33</price><orderID>eb3333</orderID></return><return><location>domestic</location><price>44.44</price><orderID>eb4444</orderID></return><return><location>international</location><price>55.55</price><orderID>eb5555</orderID></return></ns2:provisionOrderResponse>
