<?xml version="1.0" encoding="UTF-8"?>

<mule xmlns:ws="http://www.mulesoft.org/schema/mule/ws" xmlns:dw="http://www.mulesoft.org/schema/mule/ee/dw" xmlns:metadata="http://www.mulesoft.org/schema/mule/metadata" xmlns:http="http://www.mulesoft.org/schema/mule/http" xmlns:tracking="http://www.mulesoft.org/schema/mule/ee/tracking" xmlns="http://www.mulesoft.org/schema/mule/core" xmlns:doc="http://www.mulesoft.org/schema/mule/documentation"
	xmlns:spring="http://www.springframework.org/schema/beans" 
	xmlns:xsi="http://www.w3.org/2001/XMLSchema-instance"
	xsi:schemaLocation="http://www.springframework.org/schema/beans http://www.springframework.org/schema/beans/spring-beans-current.xsd
http://www.mulesoft.org/schema/mule/core http://www.mulesoft.org/schema/mule/core/current/mule.xsd
http://www.mulesoft.org/schema/mule/ee/tracking http://www.mulesoft.org/schema/mule/ee/tracking/current/mule-tracking-ee.xsd
http://www.mulesoft.org/schema/mule/http http://www.mulesoft.org/schema/mule/http/current/mule-http.xsd
http://www.mulesoft.org/schema/mule/ee/dw http://www.mulesoft.org/schema/mule/ee/dw/current/dw.xsd
http://www.mulesoft.org/schema/mule/ws http://www.mulesoft.org/schema/mule/ws/current/mule-ws.xsd">
    <flow name="get:/flights-implementation">
        <choice doc:name="Choice">
            <when expression="#[message.inboundProperties.'http.query.params'.airline == 'delta']">
                <flow-ref name="getDeltaFlights" doc:name="getDeltaFlights"/>
            </when>
            <when expression="#[message.inboundProperties.'http.query.params'.airline == 'american']">
                <flow-ref name="getAmericanFlights" doc:name="getAmericanFlights"/>
            </when>
            <when expression="#[message.inboundProperties.'http.query.params'.airline == 'united']">
                <flow-ref name="getUnitedFlights" doc:name="getUnitedFlights"/>
            </when>
            <otherwise>
                <flow-ref name="getAllFlights" doc:name="getAllFlights"/>
            </otherwise>
        </choice>
        <dw:transform-message doc:name="Transform Message">
            <dw:set-payload><![CDATA[%dw 1.0
%output application/json
---
payload map ((payload01 , indexOfPayload01) -> {
	airline: payload01.airlineName,
	departureDate: payload01.departureDate,
	emptySeats: payload01.availableSeats,
	flightCode: payload01.flightCode,
	fromAirportCode: payload01.origination,
	planeType: payload01.planeType,
	price: payload01.price,
	toAirportCode: payload01.destination
})]]></dw:set-payload>
        </dw:transform-message>
        
        <choice-exception-strategy doc:name="Choice Exception Strategy">
	         <catch-exception-strategy doc:name="Catch Dataweave Exceptions" when="#[exception.causeMatches('com.mulesoft.weave.*')]">
	            <set-property propertyName="http.status" value="#[500]" doc:name="Property"/>
	            <set-payload value="Something Broke!" doc:name="Set Payload"/>
	            <logger level="INFO" doc:name="Logger"/>
	        </catch-exception-strategy>
            <catch-exception-strategy doc:name="Catch All">
                <set-property propertyName="http.status" value="400" doc:name="Property"/>
                <set-payload value="Some Other Error!" doc:name="Set Payload"/>
            </catch-exception-strategy>
        </choice-exception-strategy>
    </flow>
    <flow name="getAllFlights">
        <scatter-gather doc:name="Scatter-Gather">
            <flow-ref name="getAmericanFlights" doc:name="getAmericanFlights"/>
            <flow-ref name="getDeltaFlights" doc:name="getDeltaFlights"/>
            <flow-ref name="getUnitedFlights" doc:name="getUnitedFlights"/>
        </scatter-gather>
        <combine-collections-transformer doc:name="Combine Collections"/>
        <logger level="INFO" doc:name="Logger"/>
    </flow>
    <flow name="getAmericanFlights">
        <http:request config-ref="American_HTTP_Request_Configuration" path="/flights" method="GET" doc:name="HTTP">
            <http:request-builder>
                <http:query-param paramName="code" value="#[message.inboundProperties.'http.query.params'.code]"/>
            </http:request-builder>
        </http:request>
        <byte-array-to-string-transformer mimeType="application/json" doc:name="Byte Array to String"/>
        <dw:transform-message doc:name="Transform Message" metadata:id="94674dbc-9edd-458b-917b-970f5632eead">
            <dw:set-payload><![CDATA[%dw 1.0
%output application/java
---
payload map ((payload01 , indexOfPayload01) -> {
	airlineName: "American",
	availableSeats: payload01.emptySeats,
	departureDate: payload01.departureDate,
	destination: payload01.destination,
	flightCode: payload01.code,
	origination: payload01.origin,
	planeType: payload01.plane.type,
	price: payload01.price
} as :object {
	class : "com.mulesoft.training.Flight"
})]]></dw:set-payload>
        </dw:transform-message>
    </flow>
    <flow name="getUnitedFlights">
        <http:request config-ref="United_HTTP_Request_Configuration" path="/flights/{airportCode}" method="GET" doc:name="HTTP">
            <http:request-builder>
                <http:uri-param paramName="airportCode" value="#[message.inboundProperties.'http.query.params'.code]"/>
            </http:request-builder>
        </http:request>
        <dw:transform-message doc:name="Transform Message" metadata:id="a359160e-b25d-47f5-afaf-761c0b76a0b2">
            <dw:input-payload mimeType="application/json"/>
            <dw:set-payload><![CDATA[%dw 1.0
%output application/java
---
payload.flights map ((flight , indexOfFlight) -> {
	airlineName: flight.airlineName,
	availableSeats: flight.emptySeats,
	departureDate: flight.departureDate,
	destination: flight.destination,
	flightCode: flight.code,
	origination: flight.origin,
	planeType: flight.planeType,
	price: flight.price
} as :object {
	class : "com.mulesoft.training.Flight"
})]]></dw:set-payload>
        </dw:transform-message>
    </flow>
    <flow name="getDeltaFlights">
        <dw:transform-message doc:name="Transform Message">
            <dw:set-payload><![CDATA[%dw 1.0
%output application/xml
%namespace ns0 http://soap.services.training.mulesoft.com/
---
{
	ns0#findFlight: {
		destination: inboundProperties."http.query.params".code
	}
}]]></dw:set-payload>
        </dw:transform-message>
        <ws:consumer config-ref="Web_Service_Consumer" operation="findFlight" doc:name="Web Service Consumer"/>
        <dw:transform-message doc:name="Transform Message" metadata:id="d4f8d95f-2cdd-41d9-94c7-acadcae800c3">
            <dw:set-payload><![CDATA[%dw 1.0
%output application/java
%namespace ns0 http://soap.services.training.mulesoft.com/
---
payload.ns0#findFlightResponse.*return map ((return , indexOfReturn) -> {
	airlineName: return.airlineName,
	availableSeats: return.emptySeats,
	departureDate: return.departureDate,
	destination: return.destination,
	flightCode: return.code,
	origination: return.origin,
	planeType: return.planeType,
	price: return.price
} as :object {
	class : "com.mulesoft.training.Flight"
})]]></dw:set-payload>
        </dw:transform-message>
        
       
        
    </flow>
</mule>
